Lopez Group,Levinehaven,0633 Benton Springs Suite 340,018-103-7741,www.LopezGroup.com
Hart-Mendez,Johnsonstad,20771 Jones Wells,205-459-0065,www.Hart-Mendez.com
Irwin and Sons,East Bethberg,3462 David Motorway,388-280-4904,www.IrwinandSons.com
"Wilson, Moore and Brandt",Kimberlyland,2674 Kimberly Lakes,601.617.4712,www.WilsonMooreandBrandt.com
"Gross, Marshall and Campbell",East Anne,2770 Kevin Flats,7172235766,www.GrossMarshallandCampbell.com
Ray Ltd,Gloverland,253 Mark Centers Suite 984,(709)367-1024,www.RayLtd.com
Williams Ltd,West Brookefurt,0512 Charles Ports,682.177.2035,www.WilliamsLtd.com
"Gutierrez, Klein and Jackson",East Allisonton,81764 William Islands Apt. 024,(958)552-4274,www.GutierrezKleinandJackson.com
"Sanders, Miller and Bennett",New Robert,642 Weaver Ridges Suite 405,380-102-4230,www.SandersMillerandBennett.com
Scott Inc,Stevenside,0652 Kelley Inlet Apt. 356,6760470741,www.ScottInc.com
Harris-Marshall,Randallberg,6731 Carey Parkway Apt. 014,276-270-7427,www.Harris-Marshall.com
Gonzalez Inc,Stephanieside,03664 Webb Rapid,000.142.0742,www.GonzalezInc.com
Grimes PLC,South Jessica,28669 Kristina Plains Suite 803,219-729-3353,www.GrimesPLC.com
"Ward, Nelson and Chapman",Jamesland,5363 Collins Lake Suite 327,2450649447,www.WardNelsonandChapman.com
Smith-Jones,Port Joshuaborough,7229 Courtney Points,(556)121-6733,www.Smith-Jones.com
Jackson-King,South Jay,087 Walker Common Apt. 617,6795548116,www.Jackson-King.com
Sullivan and Sons,Lake Dennischester,3602 Elizabeth Vista,066-482-7406,www.SullivanandSons.com
"Russell, Rodgers and Chang",Cannonview,060 Hawkins Springs,729-187-9527,www.RussellRodgersandChang.com
Jones Ltd,Kempmouth,66130 Regina Stravenue Suite 477,927-565-0486,www.JonesLtd.com
"Kelley, Powell and Santana",Smithstad,923 Aguilar Village Suite 564,793-650-9560,www.KelleyPowellandSantana.com
Mejia and Sons,Duranstad,1485 Maddox Lakes,(204)504-9053,www.MejiaandSons.com
"Mills, Moran and Cox",Lake Jaclynmouth,47592 Warren Corners,152-425-7730,www.MillsMoranandCox.com
Evans Ltd,Susanside,84435 Rogers Islands,694-954-7634,www.EvansLtd.com
"Krause, Patterson and Rice",Michellefurt,979 Boyle Ford,813.041.8923,www.KrausePattersonandRice.com
Thomas PLC,Schmitthaven,0951 Holly Wells Suite 077,9448050429,www.ThomasPLC.com
Norris-Martinez,South Brandon,6324 Simpson Trafficway,(349)917-8208,www.Norris-Martinez.com
Robertson-Rodriguez,South Christina,6715 Mcgee Club,703-818-6154,www.Robertson-Rodriguez.com
Stuart-King,Lake Steven,6124 Laurie Light Suite 792,574.497.9875,www.Stuart-King.com
Burke PLC,Amandaville,575 Skinner Highway,(391)040-7138,www.BurkePLC.com
Paul Inc,North Megan,8678 Cheryl Road Suite 596,681.027.8590,www.PaulInc.com
